region,year,population,population_age_0_to_14,population_age_15_64,population_age_65_and_above,broadband_subscriptions,cellular_subscriptions
East Asia & Pacific,1960,342164907.00,130716204.00,196711989.00,14672464.00,,0.00
East Asia & Pacific,1961,350042662.00,134263647.00,200630608.00,15082498.00,,
East Asia & Pacific,1962,358199707.00,137595156.00,205037042.00,15499666.00,,
East Asia & Pacific,1963,366508976.00,140761586.00,209761930.00,15915551.00,,
East Asia & Pacific,1964,374977012.00,143933931.00,214640438.00,16330569.00,,
East Asia & Pacific,1965,383666348.00,147225024.00,219619583.00,16747512.00,,0.00
East Asia & Pacific,1966,392369250.00,150642811.00,224358857.00,17291257.00,,
East Asia & Pacific,1967,401254496.00,154152959.00,229199372.00,17823762.00,,
East Asia & Pacific,1968,410408582.00,157705100.00,234260575.00,18362428.00,,
East Asia & Pacific,1969,419787161.00,161162013.00,239628106.00,18914421.00,,
East Asia & Pacific,1970,429287336.00,164443153.00,245281705.00,19477629.00,,0.00
East Asia & Pacific,1971,440153205.00,168123324.00,251707376.00,20235305.00,,
East Asia & Pacific,1972,450114965.00,171360206.00,257757106.00,20907944.00,,
East Asia & Pacific,1973,460134025.00,174388328.00,264078798.00,21574660.00,,
East Asia & Pacific,1974,470204688.00,177174806.00,270677950.00,22257346.00,,
East Asia & Pacific,1975,479911603.00,179556620.00,277320339.00,22937964.00,,0.00
East Asia & Pacific,1976,489173187.00,181952857.00,283323698.00,23798170.00,,0.00
East Asia & Pacific,1977,498246473.00,183798282.00,289662620.00,24685521.00,,0.00
East Asia & Pacific,1978,507287064.00,185287235.00,296317094.00,25580978.00,,0.00
East Asia & Pacific,1979,516596636.00,186742287.00,303298983.00,26451253.00,,0.00
East Asia & Pacific,1980,526056525.00,188268123.00,310415342.00,27265646.00,,0.00
East Asia & Pacific,1981,535911974.00,189436942.00,318167521.00,28195785.00,,13275.00
East Asia & Pacific,1982,545991122.00,190942118.00,325882254.00,29049802.00,,19804.00
East Asia & Pacific,1983,556133503.00,192512960.00,333631464.00,29866116.00,,27198.00
East Asia & Pacific,1984,566200330.00,193751063.00,341613157.00,30706472.00,,43142.00
East Asia & Pacific,1985,576169691.00,194487725.00,349927054.00,31618096.00,,68229.00
East Asia & Pacific,1986,586080148.00,195512033.00,357777839.00,32645715.00,,128390.00
East Asia & Pacific,1987,595993463.00,195883114.00,366214374.00,33743223.00,,225525.00
East Asia & Pacific,1988,605839653.00,195846886.00,374927709.00,34904234.00,,420843.00
East Asia & Pacific,1989,615675473.00,195864650.00,383519502.00,36123293.00,,861832.00
East Asia & Pacific,1990,625335423.00,196133921.00,391644138.00,37383524.00,,1544709.00
East Asia & Pacific,1991,635091649.00,196530139.00,399568324.00,38815218.00,,2500963.00
East Asia & Pacific,1992,644619741.00,197246523.00,406939123.00,40253482.00,,3495450.00
East Asia & Pacific,1993,653986695.00,198090400.00,413995538.00,41718376.00,,4852549.00
East Asia & Pacific,1994,663281018.00,198685654.00,421170874.00,43240328.00,,9098743.00
East Asia & Pacific,1995,672449786.00,198812293.00,428621027.00,44829902.00,,20196106.00
East Asia & Pacific,1996,681720191.00,199041581.00,435923727.00,46565043.00,,41454294.00
East Asia & Pacific,1997,690613150.00,198661648.00,443436092.00,48321692.00,,60147534.00
East Asia & Pacific,1998,699325495.00,197851460.00,451160198.00,50115996.00,67000.00,78766219.00
East Asia & Pacific,1999,707726262.00,196926184.00,458690398.00,51908014.00,610467.00,105061176.00
East Asia & Pacific,2000,716102864.00,196157139.00,466023741.00,53717132.00,5250494.00,131715191.00
East Asia & Pacific,2001,724497378.00,195806113.00,472942259.00,55541696.00,12704775.00,161985744.00
East Asia & Pacific,2002,732626435.00,195692747.00,479423675.00,57300819.00,21513779.00,195200147.00
East Asia & Pacific,2003,740499321.00,195704776.00,485598523.00,58985580.00,28663545.00,226524389.00
East Asia & Pacific,2004,748178886.00,195644386.00,491740294.00,60583168.00,35452764.00,272323790.00
East Asia & Pacific,2005,755754357.00,195414312.00,497985373.00,62143681.00,41732662.00,314697632.00
East Asia & Pacific,2006,763608420.00,194630631.00,504783923.00,63983612.00,50209425.00,368283179.00
East Asia & Pacific,2007,771377135.00,193875528.00,511530955.00,65761801.00,55688819.00,473858165.00
East Asia & Pacific,2008,779540234.00,193262808.00,518504758.00,67565488.00,62573622.00,585347838.00
East Asia & Pacific,2009,787479689.00,192807880.00,525063334.00,69402706.00,70029561.00,660602283.00
East Asia & Pacific,2010,795440414.00,192624421.00,531246193.00,71364902.00,73086425.00,754699061.00
East Asia & Pacific,2011,803371634.00,192616157.00,537006121.00,73544623.00,79159617.00,852088199.00
East Asia & Pacific,2012,811447261.00,192816776.00,542556734.00,75868547.00,82855285.00,926312701.00
East Asia & Pacific,2013,819467814.00,193124762.00,547848160.00,78288801.00,86286379.00,972436250.00
East Asia & Pacific,2014,827543133.00,193410090.00,553141460.00,80784419.00,90115843.00,1025542841.00
East Asia & Pacific,2015,835501439.00,193561023.00,558395662.00,83336586.00,95506183.00,1040567681.00
East Asia & Pacific,2016,843363666.00,194002824.00,563116415.00,86035355.00,101396283.00,1117148014.00
East Asia & Pacific,2017,850970560.00,194112284.00,567875513.00,88772788.00,107920787.00,1175833344.00
East Asia & Pacific,2018,858442795.00,194026916.00,572602581.00,91602442.00,115452389.00,1108976961.00
East Asia & Pacific,2019,865746489.00,193934366.00,577010561.00,94589826.00,124311879.00,1184822708.00
East Asia & Pacific,2020,872424065.00,193850074.00,580671330.00,97689998.00,133914783.00,1181281211.00
East Asia & Pacific,2021,877969336.00,193344858.00,583665572.00,100745303.00,,
Europe & Central Asia,1960,666643937.00,186984401.00,422572701.00,55933030.00,,0.00
Europe & Central Asia,1961,674340268.00,190213602.00,425623395.00,57326481.00,,
Europe & Central Asia,1962,682286364.00,192779190.00,429530533.00,58767419.00,,
Europe & Central Asia,1963,690299101.00,194719781.00,434077097.00,60260202.00,,
Europe & Central Asia,1964,698241797.00,196275464.00,438880332.00,61811147.00,,
Europe & Central Asia,1965,705955471.00,197530621.00,443679007.00,63437593.00,,0.00
Europe & Central Asia,1966,712714083.00,198496067.00,447602797.00,65273725.00,,
Europe & Central Asia,1967,719288551.00,199050653.00,451739304.00,67122650.00,,
Europe & Central Asia,1968,725606575.00,199233309.00,455979984.00,68983718.00,,
Europe & Central Asia,1969,731783763.00,199151346.00,460322134.00,70867133.00,,
Europe & Central Asia,1970,737403625.00,198784977.00,464437642.00,72704309.00,,0.00
Europe & Central Asia,1971,743018184.00,198047038.00,468680146.00,74781571.00,,
Europe & Central Asia,1972,749160024.00,197511688.00,473303717.00,76799297.00,,
Europe & Central Asia,1973,755134766.00,196933469.00,477896276.00,78725255.00,,
Europe & Central Asia,1974,760903737.00,196166072.00,482499297.00,80623473.00,,
Europe & Central Asia,1975,766499142.00,195169815.00,487159433.00,82521285.00,,0.00
Europe & Central Asia,1976,772002433.00,194570196.00,491055216.00,84693717.00,,0.00
Europe & Central Asia,1977,777294925.00,193577883.00,495109094.00,86891429.00,,0.00
Europe & Central Asia,1978,782526457.00,192406595.00,499475135.00,88894943.00,,0.00
Europe & Central Asia,1979,787783219.00,191355252.00,504296050.00,90347373.00,,0.00
Europe & Central Asia,1980,793171259.00,190607782.00,509664643.00,91080531.00,,23482.00
Europe & Central Asia,1981,798430769.00,190177033.00,515017478.00,91383205.00,,50310.00
Europe & Central Asia,1982,803212770.00,189979042.00,520450768.00,90896570.00,,79375.00
Europe & Central Asia,1983,807772727.00,189977030.00,525819923.00,90053979.00,,118093.00
Europe & Central Asia,1984,812529772.00,190067054.00,531030976.00,89473261.00,,179574.00
Europe & Central Asia,1985,817364006.00,190101659.00,535785134.00,89479751.00,,322211.00
Europe & Central Asia,1986,822334805.00,190449394.00,539422221.00,90426413.00,,559165.00
Europe & Central Asia,1987,827368519.00,190685743.00,542793607.00,91811393.00,,952116.00
Europe & Central Asia,1988,832415140.00,190765529.00,545975629.00,93552912.00,,1580365.00
Europe & Central Asia,1989,837298975.00,190606752.00,549034930.00,95495347.00,,2495466.00
Europe & Central Asia,1990,841396322.00,190050576.00,551670726.00,97473850.00,,3455438.00
Europe & Central Asia,1991,845258189.00,189664606.00,553493145.00,99859953.00,,4724050.00
Europe & Central Asia,1992,848736423.00,188744669.00,555393370.00,102321105.00,,6253475.00
Europe & Central Asia,1993,851831479.00,187399378.00,557415064.00,104704133.00,,9292868.00
Europe & Central Asia,1994,853939220.00,185652057.00,559212205.00,106727227.00,,15157048.00
Europe & Central Asia,1995,855347502.00,183642650.00,561002625.00,108319581.00,,24086840.00
Europe & Central Asia,1996,856712454.00,180971543.00,563239971.00,110085594.00,,37967085.00
Europe & Central Asia,1997,858017733.00,178477719.00,565720280.00,111374714.00,,61012306.00
Europe & Central Asia,1998,859150018.00,175968755.00,568410806.00,112442529.00,99888.00,104327309.00
Europe & Central Asia,1999,860164317.00,173211917.00,571189151.00,113636092.00,204778.00,181451835.00
Europe & Central Asia,2000,861121632.00,170177329.00,573780545.00,115094612.00,1765800.00,290863898.00
Europe & Central Asia,2001,862190897.00,167276423.00,575729060.00,117110423.00,6535457.00,358720667.00
Europe & Central Asia,2002,863758473.00,164258748.00,577991305.00,119426946.00,13727835.00,407856144.00
Europe & Central Asia,2003,866038974.00,161363048.00,580782145.00,121805626.00,24979185.33,473112459.00
Europe & Central Asia,2004,868632931.00,158847912.00,583924465.00,123765839.00,43256734.00,576329767.00
Europe & Central Asia,2005,871281533.00,156850135.00,587270518.00,125060166.00,66095135.00,708252688.00
Europe & Central Asia,2006,873981288.00,155563922.00,589920596.00,126378118.00,91501481.00,829272341.00
Europe & Central Asia,2007,877124177.00,154752376.00,593031960.00,127203637.00,116707962.00,935574956.00
Europe & Central Asia,2008,880755203.00,154428660.00,596327694.00,127845608.00,136931466.00,1015995638.00
Europe & Central Asia,2009,884290668.00,154384540.00,599082512.00,128653830.00,153568081.00,1058761855.00
Europe & Central Asia,2010,887744595.00,154592803.00,601106077.00,129859603.00,168621886.00,1070069508.00
Europe & Central Asia,2011,889975613.00,155459998.00,601074417.00,131239272.00,181138326.00,1073086778.00
Europe & Central Asia,2012,893593753.00,156536463.00,601572586.00,133267149.00,192487473.00,1096316099.00
Europe & Central Asia,2013,897859483.00,157833825.00,602106718.00,135691598.00,204571387.00,1122746499.00
Europe & Central Asia,2014,902203769.00,159299959.00,602393295.00,138289576.00,212703007.00,1122665815.00
Europe & Central Asia,2015,906504377.00,160861583.00,602475900.00,140971105.00,224231358.00,1122946321.01
Europe & Central Asia,2016,910703567.00,162296363.00,602317619.00,143904109.00,233418314.00,1125754809.00
Europe & Central Asia,2017,914439645.00,163701134.00,601725578.00,146813234.00,246113221.00,1132023771.00
Europe & Central Asia,2018,917860559.00,164979969.00,600932142.00,149741659.00,254895460.00,1130270310.00
Europe & Central Asia,2019,920635348.00,165928774.00,599879444.00,152627058.00,263528614.00,1154720641.00
Europe & Central Asia,2020,922802177.00,166402033.00,598632962.00,155564511.00,274724327.00,1149955778.00
Europe & Central Asia,2021,923578455.00,166199932.00,596455713.00,158702588.00,,
Latin America & Caribbean,1960,219828794.00,93310150.00,118492231.00,7886717.00,,0.00
Latin America & Caribbean,1961,225912719.00,96274600.00,121299785.00,8196979.00,,
Latin America & Caribbean,1962,232183258.00,99337027.00,124194897.00,8508599.00,,
Latin America & Caribbean,1963,238612680.00,102418831.00,127228404.00,8821555.00,,
Latin America & Caribbean,1964,245147710.00,105387010.00,130479851.00,9135848.00,,
Latin America & Caribbean,1965,251760583.00,108169251.00,133992490.00,9452636.00,,0.00
Latin America & Caribbean,1966,258440584.00,111130413.00,137361737.00,9800967.00,,
Latin America & Caribbean,1967,265187879.00,113817790.00,141068604.00,10152627.00,,
Latin America & Caribbean,1968,272006857.00,116304960.00,145043573.00,10508027.00,,
Latin America & Caribbean,1969,278898334.00,118704296.00,149177099.00,10865166.00,,
Latin America & Caribbean,1970,285867424.00,121068483.00,153421023.00,11224590.00,,0.00
Latin America & Caribbean,1971,292913867.00,123462852.00,157663312.00,11632760.00,,
Latin America & Caribbean,1972,300028905.00,125814398.00,162025365.00,12032544.00,,
Latin America & Caribbean,1973,307224818.00,128101687.00,166534576.00,12430166.00,,
Latin America & Caribbean,1974,314508488.00,130279634.00,171234612.00,12833880.00,,
Latin America & Caribbean,1975,321883714.00,132335525.00,176137706.00,13247920.00,,0.00
Latin America & Caribbean,1976,329348136.00,134425062.00,181022066.00,13735943.00,,0.00
Latin America & Caribbean,1977,336897935.00,136442293.00,186058637.00,14229147.00,,0.00
Latin America & Caribbean,1978,344553109.00,138401619.00,191257564.00,14723165.00,,0.00
Latin America & Caribbean,1979,352320721.00,140324104.00,196615093.00,15207994.00,,0.00
Latin America & Caribbean,1980,360211832.00,142228524.00,202127070.00,15680276.00,,0.00
Latin America & Caribbean,1981,368220724.00,144306862.00,207562787.00,16173172.00,,0.00
Latin America & Caribbean,1982,376337306.00,146307045.00,213199439.00,16651334.00,,0.00
Latin America & Caribbean,1983,384527729.00,148249993.00,218969030.00,17127419.00,,0.00
Latin America & Caribbean,1984,392750803.00,150148117.00,224800914.00,17617606.00,,0.00
Latin America & Caribbean,1985,400974913.00,151989048.00,230664367.00,18132840.00,,0.00
Latin America & Caribbean,1986,409183996.00,153854123.00,236406703.00,18728135.00,,0.00
Latin America & Caribbean,1987,417376183.00,155633102.00,242206815.00,19333309.00,,3917.00
Latin America & Caribbean,1988,425549887.00,157313127.00,248069299.00,19955884.00,,12000.00
Latin America & Caribbean,1989,433708712.00,158871482.00,254013037.00,20604669.00,,30971.00
Latin America & Caribbean,1990,441855797.00,160292930.00,260051757.00,21285181.00,,125486.00
Latin America & Caribbean,1991,449968703.00,161603652.00,266078151.00,22056490.00,,297650.00
Latin America & Caribbean,1992,458041493.00,162816462.00,272143766.00,22847886.00,,647522.00
Latin America & Caribbean,1993,466082322.00,163908765.00,278287179.00,23651077.00,,1135572.00
Latin America & Caribbean,1994,474089591.00,164863983.00,284537520.00,24451001.00,,2255194.00
Latin America & Caribbean,1995,482060085.00,165676465.00,290902018.00,25242250.00,,3928099.00
Latin America & Caribbean,1996,490002410.00,166315940.00,297339000.00,26105272.00,,6648040.00
Latin America & Caribbean,1997,497889881.00,166812532.00,303879235.00,26952643.00,,12754452.00
Latin America & Caribbean,1998,505687097.00,167174010.00,310467296.00,27797379.00,1000.00,21248433.00
Latin America & Caribbean,1999,513366691.00,167415272.00,317040195.00,28659049.00,7075.00,40120477.00
Latin America & Caribbean,2000,520903474.00,167538329.00,323557983.00,29551187.00,138033.00,63763645.00
Latin America & Caribbean,2001,528283130.00,167548611.00,329942582.00,30531030.00,615622.00,84724348.00
Latin America & Caribbean,2002,535509387.00,167455753.00,336255109.00,31532124.00,1527181.00,101590245.00
Latin America & Caribbean,2003,542599527.00,167263978.00,342507423.00,32555440.00,2475357.00,126313264.00
Latin America & Caribbean,2004,549590680.00,166975963.00,348737661.00,33597731.00,6154798.00,174822263.00
Latin America & Caribbean,2005,556504216.00,166586701.00,354970188.00,34662083.00,8388283.00,240755475.00
Latin America & Caribbean,2006,563337657.00,166095875.00,361191279.00,35759625.00,12978925.00,306543468.00
Latin America & Caribbean,2007,570091479.00,165479362.00,367443451.00,36872437.00,20011773.00,382524993.00
Latin America & Caribbean,2008,576783743.00,164759990.00,373703483.00,38019286.00,27808515.00,460658973.00
Latin America & Caribbean,2009,583430021.00,163985382.00,379916783.00,39222499.00,33700979.00,514300801.00
Latin America & Caribbean,2010,589932530.00,163170525.00,385962075.00,40491279.00,39176294.00,573298953.00
Latin America & Caribbean,2011,596538052.00,162365023.00,391998814.00,41863399.00,46277176.00,631242627.00
Latin America & Caribbean,2012,603094656.00,161629534.00,397865235.00,43285717.00,51786998.00,665970257.00
Latin America & Caribbean,2013,609595811.00,160933950.00,403555281.00,44788649.00,56674718.00,707502300.00
Latin America & Caribbean,2014,615999056.00,160217491.00,409054390.00,46406401.00,61640205.00,712256783.00
Latin America & Caribbean,2015,622301041.00,159451723.00,414359582.00,48165821.00,67115545.00,694215598.00
Latin America & Caribbean,2016,628493594.00,158722056.00,419430144.00,50013952.00,71531173.00,690844178.00
Latin America & Caribbean,2017,634566052.00,157918383.00,424334052.00,51982916.00,76734548.00,675948456.00
Latin America & Caribbean,2018,640483827.00,157091360.00,429008545.00,54050067.00,81969242.00,670708069.00
Latin America & Caribbean,2019,646431661.00,156346711.00,433524856.00,56222670.00,87235233.00,663104993.00
Latin America & Caribbean,2020,652365260.00,155704497.00,437831998.00,58487935.00,96775118.00,668496319.00
Latin America & Caribbean,2021,658089208.00,155197446.00,441834502.00,60713310.00,,
Middle East & North Africa,1960,56663430.00,24556689.00,30109255.00,1997488.00,,0.00
Middle East & North Africa,1961,58215216.00,25445012.00,30695360.00,2074844.00,,
Middle East & North Africa,1962,59861851.00,26453445.00,31257584.00,2150822.00,,
Middle East & North Africa,1963,61549949.00,27513025.00,31813792.00,2223134.00,,
Middle East & North Africa,1964,63318462.00,28552319.00,32471458.00,2294684.00,,
Middle East & North Africa,1965,65153309.00,29521511.00,33266802.00,2364997.00,,0.00
Middle East & North Africa,1966,67046210.00,30556815.00,34043235.00,2446156.00,,
Middle East & North Africa,1967,69070637.00,31520063.00,35021158.00,2529417.00,,
Middle East & North Africa,1968,71112474.00,32412828.00,36090563.00,2609084.00,,
Middle East & North Africa,1969,73236146.00,33324837.00,37222059.00,2689249.00,,
Middle East & North Africa,1970,75445334.00,34289935.00,38384613.00,2770784.00,,0.00
Middle East & North Africa,1971,77714383.00,35340680.00,39505821.00,2867882.00,,
Middle East & North Africa,1972,80035433.00,36406321.00,40666454.00,2962659.00,,
Middle East & North Africa,1973,82490039.00,37514104.00,41917317.00,3058617.00,,
Middle East & North Africa,1974,85015215.00,38630393.00,43235816.00,3149006.00,,
Middle East & North Africa,1975,87638377.00,39757537.00,44645911.00,3234930.00,,0.00
Middle East & North Africa,1976,90375627.00,40945731.00,46100866.00,3329030.00,,0.00
Middle East & North Africa,1977,93228410.00,42143333.00,47665663.00,3419418.00,,0.00
Middle East & North Africa,1978,96210511.00,43363399.00,49339309.00,3507801.00,,0.00
Middle East & North Africa,1979,99361762.00,44631938.00,51132197.00,3597626.00,,0.00
Middle East & North Africa,1980,102669274.00,45952388.00,53028446.00,3688441.00,,0.00
Middle East & North Africa,1981,106131365.00,47346812.00,54988677.00,3795874.00,,0.00
Middle East & North Africa,1982,109748629.00,48772763.00,57071915.00,3903954.00,,2330.00
Middle East & North Africa,1983,113469053.00,50209501.00,59246740.00,4012812.00,,3564.00
Middle East & North Africa,1984,117207369.00,51613546.00,61471795.00,4122028.00,,4936.00
Middle East & North Africa,1985,120966874.00,52970348.00,63758655.00,4237870.00,,7976.00
Middle East & North Africa,1986,124687213.00,54409944.00,65903901.00,4373368.00,,20756.00
Middle East & North Africa,1987,128384647.00,55752562.00,68116790.00,4515296.00,,31166.00
Middle East & North Africa,1988,132088575.00,57030181.00,70391277.00,4667118.00,,36426.00
Middle East & North Africa,1989,135842551.00,58275130.00,72735913.00,4831511.00,,55131.00
Middle East & North Africa,1990,141714437.00,60471764.00,76184820.00,5057854.00,,99858.00
Middle East & North Africa,1991,145942709.00,61661120.00,78991947.00,5289643.00,,150684.00
Middle East & North Africa,1992,148209451.00,62168235.00,80548683.00,5492530.00,,186972.00
Middle East & North Africa,1993,152503437.00,63268686.00,83503860.00,5730891.00,,262257.00
Middle East & North Africa,1994,156698565.00,64197778.00,86522794.00,5977993.00,,396955.00
Middle East & North Africa,1995,162320284.00,65401566.00,90662745.00,6255972.00,,950430.00
Middle East & North Africa,1996,166144618.00,66041344.00,93607977.00,6495299.00,,1971742.00
Middle East & North Africa,1997,169863133.00,66511408.00,96615340.00,6736387.00,,3237506.00
Middle East & North Africa,1998,173469624.00,66860589.00,99631383.00,6977652.00,,4593687.00
Middle East & North Africa,1999,177120252.00,67207203.00,102690699.00,7222350.00,367.00,6529075.00
Middle East & North Africa,2000,180871823.00,67586928.00,105814049.00,7470849.00,3633.00,12071485.00
Middle East & North Africa,2001,184695423.00,67821056.00,109170526.00,7703841.00,81986.00,19326522.00
Middle East & North Africa,2002,188592429.00,68090373.00,112568263.00,7933794.00,321770.00,26819814.00
Middle East & North Africa,2003,192659757.00,68417290.00,116077234.00,8165232.00,783976.00,35151911.00
Middle East & North Africa,2004,197020125.00,68823532.00,119794170.00,8402423.00,1303568.00,49938499.00
Middle East & North Africa,2005,201743941.00,69334087.00,123761319.00,8648536.00,2000399.00,76216718.00
Middle East & North Africa,2006,206874039.00,69820413.00,128150723.00,8902903.00,2757883.00,110378226.00
Middle East & North Africa,2007,212360575.00,70425448.00,132771409.00,9163719.00,3900429.00,143370833.00
Middle East & North Africa,2008,218066538.00,71151413.00,137484545.00,9430581.00,5197322.00,167341321.00
Middle East & North Africa,2009,223824338.00,71982139.00,142137142.00,9705056.00,6597651.00,201104739.00
Middle East & North Africa,2010,229394165.00,72856828.00,146557535.00,9979801.00,7540420.00,229470615.00
Middle East & North Africa,2011,234778458.00,73763968.00,150785018.00,10229471.00,8709295.00,247867181.00
Middle East & North Africa,2012,240006242.00,74692519.00,154835512.00,10478211.00,10034852.00,260332701.00
Middle East & North Africa,2013,245082018.00,75655530.00,158679124.00,10747363.00,8255499.00,280879611.00
Middle East & North Africa,2014,250033913.00,76643220.00,162320985.00,11069709.00,9916269.00,292326686.00
Middle East & North Africa,2015,254887014.00,77626463.00,165793746.00,11466802.00,16469768.00,298248196.00
Middle East & North Africa,2016,259604980.00,78798648.00,168868599.00,11937732.00,17848827.00,292047393.00
Middle East & North Africa,2017,264182499.00,79866808.00,171842544.00,12473147.00,25364897.00,284364729.00
Middle East & North Africa,2018,268750426.00,80894142.00,174796197.00,13060084.00,26023517.00,285829916.00
Middle East & North Africa,2019,273407527.00,81919912.00,177812607.00,13675008.00,28055978.00,291926742.00
Middle East & North Africa,2020,278215014.00,82958094.00,180952608.00,14304311.00,32196809.00,291136358.00
Middle East & North Africa,2021,283207908.00,83926942.00,184309031.00,14971935.00,,
North America,1960,198624409.00,61490094.00,119241674.00,17848241.00,,0.00
North America,1961,202007500.00,62766316.00,120905664.00,18290020.00,,
North America,1962,205198600.00,63667848.00,122782382.00,18701770.00,,
North America,1963,208253700.00,64273994.00,124830127.00,19101878.00,,
North America,1964,211262900.00,64713122.00,126991852.00,19509027.00,,
North America,1965,214031100.00,64973912.00,129099490.00,19907598.00,,0.00
North America,1966,216659000.00,65060188.00,131164241.00,20383571.00,,
North America,1967,219176000.00,65000330.00,133262344.00,20861324.00,,
North America,1968,221503000.00,64768734.00,135345509.00,21335758.00,,
North America,1969,223759000.00,64399304.00,137495518.00,21810178.00,,
North America,1970,226431000.00,64039388.00,140016536.00,22320078.00,,0.00
North America,1971,229677632.00,63482397.00,143178951.00,22961685.00,,
North America,1972,232168663.00,62729455.00,145874886.00,23510121.00,,
North America,1973,234454577.00,61897877.00,148463869.00,24039032.00,,
North America,1974,236715369.00,60989391.00,151094409.00,24578169.00,,
North America,1975,239169275.00,60061359.00,153911325.00,25143591.00,,0.00
North America,1976,241538008.00,59502091.00,156203077.00,25779640.00,,0.00
North America,1977,244018243.00,58843090.00,158680969.00,26440785.00,,0.00
North America,1978,246601803.00,58159398.00,161249858.00,27138947.00,,0.00
North America,1979,249310344.00,57580235.00,163808519.00,27867790.00,,0.00
North America,1980,251795337.00,57097785.00,166072224.00,28570658.00,,0.00
North America,1981,254340965.00,56825485.00,168263735.00,29196694.00,,0.00
North America,1982,256836391.00,56693681.00,170305464.00,29781797.00,,0.00
North America,1983,259214381.00,56679709.00,172133041.00,30345701.00,,0.00
North America,1984,261488476.00,56742360.00,173774834.00,30914859.00,,91600.00
North America,1985,263823014.00,56892177.00,175359195.00,31514745.00,,352213.00
North America,1986,266290660.00,57355087.00,176737185.00,32141006.00,,741825.00
North America,1987,268793450.00,57870678.00,178102924.00,32761999.00,,1329219.00
North America,1988,271349094.00,58435544.00,179476843.00,33378361.00,,2272074.00
North America,1989,274154622.00,59082750.00,181014431.00,33998601.00,,3854867.00
North America,1990,277373464.00,59834493.00,182841841.00,34637803.00,,5867933.00
North America,1991,281077441.00,60941067.00,184820578.00,35256775.00,,8334419.00
North America,1992,284943859.00,62056322.00,186983991.00,35844952.00,,12061300.00
North America,1993,288662674.00,63063806.00,189169621.00,36370337.00,,17345843.00
North America,1994,292185983.00,63904377.00,191397767.00,36824519.00,,26005327.00
North America,1995,295640057.00,64592737.00,193767054.00,37220521.00,,36381765.00
North America,1996,299064347.00,65392166.00,196063017.00,37549034.00,,47548751.00
North America,1997,302623445.00,65994479.00,198712188.00,37856281.00,,59517569.00
North America,1998,306070116.00,66415681.00,201467992.00,38125500.00,845900.00,74567893.00
North America,1999,309502571.00,66778398.00,204277217.00,38385671.00,3336286.00,92970841.00
North America,2000,312909974.00,67117883.00,207073427.00,38656831.00,8480806.00,118218031.00
North America,2001,316052361.00,67193035.00,209774743.00,39022080.00,15628812.00,139162333.00
North America,2002,319048184.00,67357240.00,212270493.00,39357538.00,23396549.00,153702000.00
North America,2003,321815286.00,67482043.00,214581102.00,39688816.00,32257342.00,173968000.00
North America,2004,324809693.00,67524541.00,217112833.00,40108579.00,42768520.00,199888000.00
North America,2005,327824506.00,67406606.00,219741003.00,40612742.00,58178837.00,220769300.00
North America,2006,331015609.00,67783023.00,221904132.00,41263931.00,68305344.00,248409200.00
North America,2007,334185120.00,67960216.00,224171676.00,41988341.00,80808121.00,269646400.00
North America,2008,337406357.00,68030810.00,226477065.00,42833210.00,87006258.00,283471500.00
North America,2009,340466060.00,68064528.00,228520092.00,43815804.00,90322000.00,298179900.00
North America,2010,343397156.00,68105855.00,230257098.00,44969079.00,95379203.00,311031600.00
North America,2011,345987373.00,68031898.00,231642832.00,46248079.00,99599579.00,324244000.00
North America,2012,348656682.00,67877782.00,233008738.00,47705364.00,104203914.00,332649000.00
North America,2013,351207902.00,67673586.00,234187782.00,49281533.00,108166561.00,339152300.00
North America,2014,353888902.00,67510460.00,235350379.00,50962925.00,110412731.00,384348491.00
North America,2015,356507139.00,67367411.00,236377436.00,52697055.00,115357376.00,412110000.00
North America,2016,359245796.00,67199745.00,237470108.00,54511390.00,119123293.00,426815891.00
North America,2017,361731237.00,67112990.00,238267475.00,56286899.00,122146613.00,431757997.00
North America,2018,363967201.00,67030611.00,238820162.00,58052510.00,125201606.00,381453000.00
North America,2019,365995094.00,66861217.00,239213147.00,59856818.00,129434175.00,390128950.00
North America,2020,369602177.00,66903006.00,240617187.00,62018091.00,137024813.00,383905000.00
North America,2021,370203720.00,66574558.00,239922262.00,63643034.00,,
South Asia,1960,563842563.00,228492581.00,317673963.00,17676019.00,,0.00
South Asia,1961,575770305.00,234922117.00,322596537.00,18251651.00,,
South Asia,1962,588143008.00,241734521.00,327575536.00,18832950.00,,
South Asia,1963,600955108.00,248675077.00,332893812.00,19386222.00,,
South Asia,1964,614198556.00,255309992.00,339014039.00,19874524.00,,
South Asia,1965,627866857.00,261432373.00,346151291.00,20283194.00,,0.00
South Asia,1966,641969331.00,268139238.00,352892557.00,20937537.00,,
South Asia,1967,656508650.00,274197433.00,360785145.00,21526073.00,,
South Asia,1968,671465128.00,279790244.00,369600905.00,22073979.00,,
South Asia,1969,686812319.00,285232331.00,378967096.00,22612893.00,,
South Asia,1970,702537704.00,290691315.00,388684600.00,23161789.00,,0.00
South Asia,1971,718632210.00,296862606.00,397745216.00,24024388.00,,
South Asia,1972,735120488.00,302937659.00,407296858.00,24885971.00,,
South Asia,1973,752066005.00,308957513.00,417376439.00,25732053.00,,
South Asia,1974,769553597.00,314921887.00,428086023.00,26545687.00,,
South Asia,1975,787646406.00,320859068.00,439465459.00,27321879.00,,0.00
South Asia,1976,806349439.00,327924257.00,450128410.00,28296772.00,,0.00
South Asia,1977,825648606.00,334737220.00,461682170.00,29229216.00,,0.00
South Asia,1978,845560544.00,341449766.00,473984704.00,30126074.00,,0.00
South Asia,1979,866099782.00,348251957.00,486851532.00,30996293.00,,0.00
South Asia,1980,887264083.00,355251862.00,500163948.00,31848271.00,,0.00
South Asia,1981,909054953.00,363413257.00,512720126.00,32921571.00,,0.00
South Asia,1982,931432655.00,371663093.00,525824204.00,33945360.00,,0.00
South Asia,1983,954298726.00,379921707.00,539454970.00,34922050.00,,0.00
South Asia,1984,977523956.00,388005075.00,553658388.00,35860493.00,,0.00
South Asia,1985,1001004098.00,395786135.00,568445456.00,36772507.00,,0.00
South Asia,1986,1024701701.00,404717895.00,582035288.00,37948518.00,,0.00
South Asia,1987,1048604006.00,412996414.00,596520893.00,39086698.00,,0.00
South Asia,1988,1072663151.00,420745322.00,611729117.00,40188712.00,,0.00
South Asia,1989,1096833493.00,428127085.00,627449227.00,41257181.00,,0.00
South Asia,1990,1121082883.00,435186905.00,643593176.00,42302802.00,,3010.00
South Asia,1991,1145356600.00,442549439.00,658994369.00,43812792.00,,10300.00
South Asia,1992,1169647797.00,449479182.00,674887508.00,45281107.00,,16394.00
South Asia,1993,1194031173.00,455936439.00,691375687.00,46719048.00,,31187.00
South Asia,1994,1218618136.00,461845702.00,708627861.00,48144572.00,,54948.00
South Asia,1995,1243477118.00,467193166.00,726708025.00,49575926.00,,171460.00
South Asia,1996,1268622759.00,472664479.00,744508766.00,51449514.00,,471054.00
South Asia,1997,1293989249.00,477581267.00,763110580.00,53297402.00,,1159044.00
South Asia,1998,1319464930.00,481931817.00,782399266.00,55133849.00,,1642304.00
South Asia,1999,1344897106.00,485728898.00,802192730.00,56975478.00,,2564006.00
South Asia,2000,1370166108.00,488995660.00,822334020.00,58836427.00,,4610654.00
South Asia,2001,1395216003.00,492872286.00,841324681.00,61019035.00,50327.00,8506448.00
South Asia,2002,1420043270.00,496082421.00,860775144.00,63185706.00,83191.00,16768719.00
South Asia,2003,1444643552.00,498747989.00,880574898.00,65320664.00,144282.00,39003391.00
South Asia,2004,1469031157.00,501031168.00,900601213.00,67398775.00,256167.00,62484788.00
South Asia,2005,1493207272.00,503014812.00,920773658.00,69418802.00,1386860.00,115739914.00
South Asia,2006,1517177628.00,505387912.00,940091612.00,71698104.00,2356743.00,226610269.00
South Asia,2007,1540902633.00,507452500.00,959543976.00,73906157.00,3303488.00,342562074.00
South Asia,2008,1564288534.00,509110972.00,979118141.00,76059421.00,5629423.00,495521252.00
South Asia,2009,1587215381.00,510136319.00,998905511.00,78173552.00,8659474.00,693491350.00
South Asia,2010,1609607416.00,510375288.00,1018954640.00,80277489.00,12506777.00,946553272.00
South Asia,2011,1631414747.00,510504305.00,1038106679.00,82803764.00,15470515.00,1119814258.00
South Asia,2012,1652579074.00,509602375.00,1057684592.00,85292109.00,17718891.00,1119115057.00
South Asia,2013,1673491953.00,508023006.00,1077608555.00,87860391.00,18857746.00,1173441544.00
South Asia,2014,1694261218.00,506234460.00,1097403422.00,90623336.00,21714879.00,1253071493.00
South Asia,2015,1715003464.00,504540353.00,1116807264.00,93655846.00,24608560.00,1311162596.00
South Asia,2016,1735804398.00,502408700.00,1136102113.00,97293586.00,28896208.00,1459707865.00
South Asia,2017,1756587053.00,500873474.00,1154628198.00,101085381.00,29251476.00,1530299136.00
South Asia,2018,1777283096.00,499584908.00,1172684964.00,105013222.00,30712788.00,1562803016.00
South Asia,2019,1797735012.00,497986314.00,1190709078.00,109039619.00,32041107.00,1551064076.00
South Asia,2020,1817954061.00,495876967.00,1208915422.00,113161672.00,38644250.00,1575019971.00
South Asia,2021,1838066896.00,494772549.00,1225707622.00,117586724.00,,
Sub-Saharan Africa,1960,216689413.00,92504431.00,117620152.00,6564833.00,,0.00
Sub-Saharan Africa,1961,221678145.00,95194910.00,119736936.00,6746300.00,,
Sub-Saharan Africa,1962,226866596.00,97856282.00,122095644.00,6914674.00,,
Sub-Saharan Africa,1963,232253013.00,100501718.00,124680817.00,7070479.00,,
Sub-Saharan Africa,1964,237831694.00,103130970.00,127486429.00,7214299.00,,
Sub-Saharan Africa,1965,243602609.00,105748840.00,130506733.00,7347033.00,,0.00
Sub-Saharan Africa,1966,249567708.00,108919623.00,133090114.00,7557974.00,,
Sub-Saharan Africa,1967,255742135.00,111996385.00,135989275.00,7756475.00,,
Sub-Saharan Africa,1968,262154489.00,115049077.00,139161626.00,7943788.00,,
Sub-Saharan Africa,1969,268841320.00,118156056.00,142563754.00,8121511.00,,
Sub-Saharan Africa,1970,275831315.00,121361118.00,146178358.00,8291843.00,,0.00
Sub-Saharan Africa,1971,283135641.00,125135126.00,149441311.00,8559206.00,,
Sub-Saharan Africa,1972,290756092.00,128949057.00,152990783.00,8816256.00,,
Sub-Saharan Africa,1973,298697327.00,132808515.00,156825526.00,9063291.00,,
Sub-Saharan Africa,1974,306962226.00,136702638.00,160959121.00,9300472.00,,
Sub-Saharan Africa,1975,315552203.00,140633138.00,165390668.00,9528400.00,,0.00
Sub-Saharan Africa,1976,324473396.00,145173587.00,169455086.00,9844723.00,,0.00
Sub-Saharan Africa,1977,333727317.00,149665271.00,173908179.00,10153868.00,,0.00
Sub-Saharan Africa,1978,343297253.00,154167455.00,178671745.00,10458052.00,,0.00
Sub-Saharan Africa,1979,353173076.00,158747145.00,183667706.00,10758226.00,,0.00
Sub-Saharan Africa,1980,363337252.00,163424079.00,188858554.00,11054620.00,,0.00
Sub-Saharan Africa,1981,373781326.00,168839502.00,193541398.00,11400427.00,,0.00
Sub-Saharan Africa,1982,384508668.00,174239727.00,198538510.00,11730428.00,,0.00
Sub-Saharan Africa,1983,395532237.00,179622489.00,203861426.00,12048322.00,,0.00
Sub-Saharan Africa,1984,406876785.00,184969657.00,209548460.00,12358667.00,,0.00
Sub-Saharan Africa,1985,418551158.00,190270970.00,215615689.00,12664499.00,,0.00
Sub-Saharan Africa,1986,430565208.00,196232751.00,221254267.00,13078191.00,,0.00
Sub-Saharan Africa,1987,442913147.00,202045896.00,227383490.00,13483762.00,,0.00
Sub-Saharan Africa,1988,455565079.00,207732610.00,233951291.00,13881175.00,,0.00
Sub-Saharan Africa,1989,468490529.00,213307180.00,240912361.00,14270988.00,,3980.00
Sub-Saharan Africa,1990,481665071.00,218757891.00,248251467.00,14655712.00,,7880.00
Sub-Saharan Africa,1991,495092418.00,224630246.00,255344168.00,15118004.00,,9600.00
Sub-Saharan Africa,1992,508784260.00,230311837.00,262905877.00,15566548.00,,17406.00
Sub-Saharan Africa,1993,522751624.00,235843013.00,270903490.00,16005118.00,,59142.00
Sub-Saharan Africa,1994,537016777.00,241278556.00,279298700.00,16439523.00,,372608.00
Sub-Saharan Africa,1995,551589409.00,246660515.00,288053769.00,16875123.00,,599959.00
Sub-Saharan Africa,1996,566493742.00,253024950.00,296104406.00,17364387.00,,1079260.00
Sub-Saharan Africa,1997,581745695.00,259306154.00,304606523.00,17833015.00,,2076783.00
Sub-Saharan Africa,1998,597362837.00,265557708.00,313524035.00,18281091.00,,3823303.00
Sub-Saharan Africa,1999,613373210.00,271824588.00,322843791.00,18704830.00,,6236500.00
Sub-Saharan Africa,2000,629795947.00,278139952.00,332554610.00,19101386.00,21.00,11051918.00
Sub-Saharan Africa,2001,646643143.00,285427085.00,341619625.00,19596433.00,31.00,16449205.00
Sub-Saharan Africa,2002,663944643.00,292675000.00,351216747.00,20052894.00,4273.00,24366010.00
Sub-Saharan Africa,2003,681753399.00,299981509.00,361292139.00,20479752.00,24846.00,34547802.00
Sub-Saharan Africa,2004,700142036.00,307468609.00,371786051.00,20887376.00,75972.00,52622216.00
Sub-Saharan Africa,2005,719163377.00,315203280.00,382676301.00,21283797.00,210118.00,88405924.00
Sub-Saharan Africa,2006,738839875.00,323778244.00,393158608.00,21903025.00,469186.00,132375935.00
Sub-Saharan Africa,2007,759166312.00,332473108.00,404187300.00,22505899.00,654639.00,179402845.00
Sub-Saharan Africa,2008,780134203.00,341278673.00,415760139.00,23095387.00,778427.00,250924461.00
Sub-Saharan Africa,2009,801717149.00,350146852.00,427896136.00,23674162.00,894361.00,303408848.00
Sub-Saharan Africa,2010,823899223.00,359043334.00,440608046.00,24247841.00,1298449.00,367425154.00
Sub-Saharan Africa,2011,846674768.00,368465691.00,453193150.00,25015926.00,1584678.00,445828442.00
Sub-Saharan Africa,2012,866801927.00,376461263.00,464698491.00,25642174.00,1985569.00,515477081.00
Sub-Saharan Africa,2013,890713124.00,385658869.00,478655258.00,26398997.00,2826270.00,586376362.00
Sub-Saharan Africa,2014,915148668.00,394769192.00,493219075.00,27160401.00,3406132.00,648815890.00
Sub-Saharan Africa,2015,940075591.00,403780311.00,508361614.00,27933665.00,3408089.00,719022017.00
Sub-Saharan Africa,2016,965474176.00,413071695.00,523511462.00,28891018.00,3837863.00,716680283.00
Sub-Saharan Africa,2017,991346729.00,422166056.00,539335209.00,29845467.00,3980481.00,726189792.00
Sub-Saharan Africa,2018,1017698871.00,431078419.00,555812152.00,30808300.00,4167210.00,733013398.00
Sub-Saharan Africa,2019,1044545693.00,439836728.00,572917523.00,31791445.00,5092358.00,843120170.00
Sub-Saharan Africa,2020,1071896421.00,448465870.00,590624608.00,32805941.00,6411058.00,903036265.00
Sub-Saharan Africa,2021,1099746821.00,457383768.00,608368781.00,33994272.00,,
